<?xml version="1.0" encoding="UTF-8" standalone="no"?>
<QE>
<Segment id="Pin">
<Setting id="33" value="TS11"/>
<Setting id="1" value="P06"/>
<Setting id="78" value="P07"/>
<Setting id="34" value="TS12"/>
<Setting id="3" value="P04"/>
<Setting id="38" value="TSCAP"/>
<Setting id="29" value="TS7"/>
<Setting id="21" value="P21"/>
</Segment>
<Segment id="Device">
<Setting id="Series" value="RX100"/>
<Setting id="Group" value="RX130"/>
<Setting id="PartNo" value="R5F51305AxFN"/>
<Setting id="PinCount" value="80"/>
</Segment>
<Segment id="Clock">
<Setting id="PCLKD" value="32000.0"/>
<Setting id="PCLKB" value="32000.0"/>
<Setting id="CacHocoCLK" value="32000.0"/>
<Setting id="VCC" value="3.3"/>
<Setting id="ICLK" value="32000.0"/>
<Setting id="FCLK" value="32000.0"/>
<Setting id="SysCLKSrc" value="1.0"/>
<Setting id="ExtCLK" value="8000.0"/>
</Segment>
<Segment id="Component">
<Setting id="r_bsp" value="FIT"/>
<Setting id="r_touch_qe" value="FIT"/>
<Setting id="r_cmt_rx" value="FIT"/>
<Setting id="Config_PORT" value="CG"/>
<Setting id="r_ctsu_qe" value="FIT"/>
</Segment>
</QE>
